Language,Threads,Tasks,Repetition,Energy_Joules,Peak_Memory_KB_RSS,Real_Time_Seconds
c_zig_cc,2,100,1,23.69,1080,.22000000000000000000
c_zig_cc,2,100,2,23.07,1056,.22000000000000000000
c_zig_cc,2,100,3,23.20,1076,.21000000000000000000
c_zig_cc,2,100,4,22.77,1072,.21000000000000000000
c_zig_cc,2,100,5,22.98,1072,.22000000000000000000
c_zig_cc,2,100,6,22.96,1024,.22000000000000000000
c_zig_cc,2,100,7,22.67,1024,.21000000000000000000
c_zig_cc,2,100,8,23.02,1024,.22000000000000000000
c_zig_cc,2,100,9,22.93,0,.22000000000000000000
c_zig_cc,2,100,10,22.77,1052,.22000000000000000000
c_zig_cc,4,100,1,25.86,1024,.22000000000000000000
c_zig_cc,4,100,2,25.39,0,.23000000000000000000
c_zig_cc,4,100,3,25.31,0,.23000000000000000000
c_zig_cc,4,100,4,25.49,1072,.23000000000000000000
c_zig_cc,4,100,5,25.33,1060,.22000000000000000000
c_zig_cc,4,100,6,25.29,0,.23000000000000000000
c_zig_cc,4,100,7,25.35,1080,.23000000000000000000
c_zig_cc,4,100,8,25.63,0,.23000000000000000000
c_zig_cc,4,100,9,25.44,1024,.22000000000000000000
c_zig_cc,4,100,10,25.35,1024,.23000000000000000000
c_zig_cc,8,100,1,29.85,1024,.24000000000000000000
c_zig_cc,8,100,2,29.74,1056,.24000000000000000000
c_zig_cc,8,100,3,29.25,1024,.24000000000000000000
c_zig_cc,8,100,4,29.65,1032,.24000000000000000000
c_zig_cc,8,100,5,29.40,1024,.24000000000000000000
c_zig_cc,8,100,6,29.93,1056,.24000000000000000000
c_zig_cc,8,100,7,29.38,1044,.24000000000000000000
c_zig_cc,8,100,8,29.80,1072,.24000000000000000000
c_zig_cc,8,100,9,29.48,1052,.24000000000000000000
c_zig_cc,8,100,10,29.45,1028,.24000000000000000000
c_zig_cc,16,100,1,37.73,0,.24000000000000000000
c_zig_cc,16,100,2,37.26,1024,.24000000000000000000
c_zig_cc,16,100,3,37.48,1056,.23000000000000000000
c_zig_cc,16,100,4,38.11,0,.24000000000000000000
c_zig_cc,16,100,5,37.41,1032,.24000000000000000000
c_zig_cc,16,100,6,37.25,1024,.24000000000000000000
c_zig_cc,16,100,7,37.25,0,.24000000000000000000
c_zig_cc,16,100,8,36.55,0,.24000000000000000000
c_zig_cc,16,100,9,36.60,1028,.24000000000000000000
c_zig_cc,16,100,10,37.14,1024,.24000000000000000000
c_zig_cc,32,100,1,51.29,1024,.24000000000000000000
c_zig_cc,32,100,2,52.07,1056,.24000000000000000000
c_zig_cc,32,100,3,51.38,1052,.24000000000000000000
c_zig_cc,32,100,4,50.81,1064,.24000000000000000000
c_zig_cc,32,100,5,50.88,1072,.24000000000000000000
c_zig_cc,32,100,6,51.01,1072,.24000000000000000000
c_zig_cc,32,100,7,51.30,1068,.24000000000000000000
c_zig_cc,32,100,8,50.97,1064,.24000000000000000000
c_zig_cc,32,100,9,51.02,1064,.24000000000000000000
c_zig_cc,32,100,10,51.42,1072,.24000000000000000000
c_zig_cc,64,100,1,74.04,1080,.26000000000000000000
c_zig_cc,64,100,2,83.24,1024,.25000000000000000000
c_zig_cc,64,100,3,73.40,1052,.25000000000000000000
c_zig_cc,64,100,4,73.59,0,.29000000000000000000
c_zig_cc,64,100,5,73.70,1084,.26000000000000000000
c_zig_cc,64,100,6,73.61,1024,.25000000000000000000
c_zig_cc,64,100,7,73.61,1056,.25000000000000000000
c_zig_cc,64,100,8,73.60,1024,.25000000000000000000
c_zig_cc,64,100,9,78.03,1064,.25000000000000000000
c_zig_cc,64,100,10,73.56,1084,.26000000000000000000
c_zig_cc,2,1000,1,26.71,1024,.21000000000000000000
c_zig_cc,2,1000,2,22.09,1072,.21000000000000000000
c_zig_cc,2,1000,3,22.07,1024,.21000000000000000000
c_zig_cc,2,1000,4,21.68,1024,.21000000000000000000
c_zig_cc,2,1000,5,21.76,0,.21000000000000000000
c_zig_cc,2,1000,6,21.61,0,.21000000000000000000
c_zig_cc,2,1000,7,21.54,1080,.21000000000000000000
c_zig_cc,2,1000,8,21.51,1072,.21000000000000000000
c_zig_cc,2,1000,9,21.66,1060,.21000000000000000000
c_zig_cc,2,1000,10,21.57,1060,.21000000000000000000
c_zig_cc,4,1000,1,24.83,1036,.21000000000000000000
c_zig_cc,4,1000,2,24.50,1060,.21000000000000000000
c_zig_cc,4,1000,3,24.55,1064,.22000000000000000000
c_zig_cc,4,1000,4,25.02,1080,.21000000000000000000
c_zig_cc,4,1000,5,24.49,1080,.21000000000000000000
c_zig_cc,4,1000,6,24.44,1032,.21000000000000000000
c_zig_cc,4,1000,7,24.88,0,.22000000000000000000
c_zig_cc,4,1000,8,24.78,1032,.22000000000000000000
c_zig_cc,4,1000,9,24.49,1084,.22000000000000000000
c_zig_cc,4,1000,10,24.70,0,.22000000000000000000
c_zig_cc,8,1000,1,28.58,1084,.23000000000000000000
c_zig_cc,8,1000,2,28.50,0,.23000000000000000000
c_zig_cc,8,1000,3,28.45,1084,.24000000000000000000
c_zig_cc,8,1000,4,28.36,1072,.23000000000000000000
c_zig_cc,8,1000,5,28.41,0,.24000000000000000000
c_zig_cc,8,1000,6,28.46,1072,.23000000000000000000
c_zig_cc,8,1000,7,28.46,1024,.23000000000000000000
c_zig_cc,8,1000,8,28.28,1056,.23000000000000000000
c_zig_cc,8,1000,9,28.54,1024,.23000000000000000000
c_zig_cc,8,1000,10,28.60,1024,.23000000000000000000
c_zig_cc,16,1000,1,36.55,1080,.24000000000000000000
c_zig_cc,16,1000,2,36.21,1072,.24000000000000000000
c_zig_cc,16,1000,3,36.35,1084,.24000000000000000000
c_zig_cc,16,1000,4,36.58,1056,.24000000000000000000
c_zig_cc,16,1000,5,36.77,1024,.23000000000000000000
c_zig_cc,16,1000,6,37.41,0,.23000000000000000000
c_zig_cc,16,1000,7,36.08,1084,.24000000000000000000
c_zig_cc,16,1000,8,36.38,1068,.24000000000000000000
c_zig_cc,16,1000,9,35.95,1080,.24000000000000000000
c_zig_cc,16,1000,10,36.38,1072,.24000000000000000000
c_zig_cc,32,1000,1,51.33,1024,.24000000000000000000
c_zig_cc,32,1000,2,51.04,1040,.24000000000000000000
c_zig_cc,32,1000,3,51.73,1024,.24000000000000000000
c_zig_cc,32,1000,4,50.89,1060,.24000000000000000000
c_zig_cc,32,1000,5,51.37,1052,.24000000000000000000
c_zig_cc,32,1000,6,50.98,1080,.24000000000000000000
c_zig_cc,32,1000,7,51.33,1084,.24000000000000000000
c_zig_cc,32,1000,8,51.16,1024,.24000000000000000000
c_zig_cc,32,1000,9,51.09,1052,.24000000000000000000
c_zig_cc,32,1000,10,50.73,1064,.24000000000000000000
c_zig_cc,64,1000,1,73.87,1024,.26000000000000000000
c_zig_cc,64,1000,2,73.38,0,.25000000000000000000
c_zig_cc,64,1000,3,73.51,1060,.25000000000000000000
c_zig_cc,64,1000,4,73.46,1076,.26000000000000000000
c_zig_cc,64,1000,5,82.02,0,.25000000000000000000
c_zig_cc,64,1000,6,73.56,1032,.25000000000000000000
c_zig_cc,64,1000,7,73.53,1024,.26000000000000000000
c_zig_cc,64,1000,8,73.39,1084,.25000000000000000000
c_zig_cc,64,1000,9,76.74,1024,.26000000000000000000
c_zig_cc,64,1000,10,73.58,1068,.26000000000000000000
c_zig_cc,2,10000,1,26.73,1084,.21000000000000000000
c_zig_cc,2,10000,2,21.93,1028,.21000000000000000000
c_zig_cc,2,10000,3,26.12,1068,.24000000000000000000
c_zig_cc,2,10000,4,24.55,1024,.23000000000000000000
c_zig_cc,2,10000,5,23.01,1064,.22000000000000000000
c_zig_cc,2,10000,6,23.16,1080,.22000000000000000000
c_zig_cc,2,10000,7,22.81,1024,.21000000000000000000
c_zig_cc,2,10000,8,23.06,1028,.23000000000000000000
c_zig_cc,2,10000,9,24.70,1024,.23000000000000000000
c_zig_cc,2,10000,10,23.15,1064,.23000000000000000000
c_zig_cc,4,10000,1,25.84,1052,.23000000000000000000
c_zig_cc,4,10000,2,25.11,1072,.22000000000000000000
c_zig_cc,4,10000,3,25.23,1024,.23000000000000000000
c_zig_cc,4,10000,4,25.83,1060,.22000000000000000000
c_zig_cc,4,10000,5,25.49,1080,.23000000000000000000
c_zig_cc,4,10000,6,25.40,1080,.22000000000000000000
c_zig_cc,4,10000,7,25.44,1056,.22000000000000000000
c_zig_cc,4,10000,8,25.81,0,.23000000000000000000
c_zig_cc,4,10000,9,25.54,1080,.22000000000000000000
c_zig_cc,4,10000,10,24.97,1032,.22000000000000000000
c_zig_cc,8,10000,1,28.99,1064,.24000000000000000000
c_zig_cc,8,10000,2,28.78,1080,.23000000000000000000
c_zig_cc,8,10000,3,28.57,1084,.23000000000000000000
c_zig_cc,8,10000,4,28.45,0,.24000000000000000000
c_zig_cc,8,10000,5,28.42,1028,.24000000000000000000
c_zig_cc,8,10000,6,28.42,1040,.24000000000000000000
c_zig_cc,8,10000,7,28.51,1080,.24000000000000000000
c_zig_cc,8,10000,8,28.26,1080,.23000000000000000000
c_zig_cc,8,10000,9,28.46,1072,.23000000000000000000
c_zig_cc,8,10000,10,28.64,1084,.24000000000000000000
c_zig_cc,16,10000,1,36.66,1072,.24000000000000000000
c_zig_cc,16,10000,2,36.33,1084,.24000000000000000000
c_zig_cc,16,10000,3,36.85,0,.24000000000000000000
c_zig_cc,16,10000,4,36.14,1072,.23000000000000000000
c_zig_cc,16,10000,5,36.41,1040,.23000000000000000000
c_zig_cc,16,10000,6,36.44,1024,.24000000000000000000
c_zig_cc,16,10000,7,36.06,0,.24000000000000000000
c_zig_cc,16,10000,8,36.51,1072,.24000000000000000000
c_zig_cc,16,10000,9,36.45,0,.23000000000000000000
c_zig_cc,16,10000,10,36.29,1032,.24000000000000000000
c_zig_cc,32,10000,1,51.41,1084,.24000000000000000000
c_zig_cc,32,10000,2,50.99,1056,.24000000000000000000
c_zig_cc,32,10000,3,52.17,1024,.24000000000000000000
c_zig_cc,32,10000,4,51.54,1068,.24000000000000000000
c_zig_cc,32,10000,5,52.11,1072,.24000000000000000000
c_zig_cc,32,10000,6,51.12,1024,.24000000000000000000
c_zig_cc,32,10000,7,51.55,1064,.24000000000000000000
c_zig_cc,32,10000,8,50.84,0,.24000000000000000000
c_zig_cc,32,10000,9,51.42,0,.24000000000000000000
c_zig_cc,32,10000,10,51.29,1072,.24000000000000000000
c_zig_cc,64,10000,1,83.47,0,.25000000000000000000
c_zig_cc,64,10000,2,73.36,1060,.25000000000000000000
c_zig_cc,64,10000,3,73.37,1080,.25000000000000000000
c_zig_cc,64,10000,4,73.46,1024,.25000000000000000000
c_zig_cc,64,10000,5,73.63,1068,.25000000000000000000
c_zig_cc,64,10000,6,73.54,0,.26000000000000000000
c_zig_cc,64,10000,7,73.37,1024,.25000000000000000000
c_zig_cc,64,10000,8,73.54,1056,.25000000000000000000
c_zig_cc,64,10000,9,73.60,1032,.25000000000000000000
c_zig_cc,64,10000,10,73.44,0,.25000000000000000000
c_gcc,2,100,1,509.45,1048,4.76000000000000000000
c_gcc,2,100,2,499.90,1048,4.76000000000000000000
c_gcc,2,100,3,499.20,1032,4.76000000000000000000
c_gcc,2,100,4,499.13,0,4.76000000000000000000
c_gcc,2,100,5,501.85,1048,4.75000000000000000000
c_gcc,2,100,6,501.44,1048,4.75000000000000000000
c_gcc,2,100,7,499.78,1044,4.77000000000000000000
c_gcc,2,100,8,501.47,1036,4.74000000000000000000
c_gcc,2,100,9,500.78,1036,4.75000000000000000000
c_gcc,2,100,10,498.76,0,4.74000000000000000000
c_gcc,4,100,1,291.28,1040,2.39000000000000000000
c_gcc,4,100,2,289.18,1080,2.39000000000000000000
c_gcc,4,100,3,288.87,1080,2.38000000000000000000
c_gcc,4,100,4,288.98,1056,2.37000000000000000000
c_gcc,4,100,5,289.31,1028,2.38000000000000000000
c_gcc,4,100,6,288.75,1028,2.39000000000000000000
c_gcc,4,100,7,288.57,1080,2.39000000000000000000
c_gcc,4,100,8,288.82,1064,2.38000000000000000000
c_gcc,4,100,9,288.62,1028,2.39000000000000000000
c_gcc,4,100,10,289.00,1052,2.38000000000000000000
c_gcc,8,100,1,172.04,1048,1.40000000000000000000
c_gcc,8,100,2,170.46,0,1.40000000000000000000
c_gcc,8,100,3,170.76,1048,1.40000000000000000000
c_gcc,8,100,4,170.29,1052,1.40000000000000000000
c_gcc,8,100,5,170.40,1048,1.40000000000000000000
c_gcc,8,100,6,169.99,1080,1.40000000000000000000
c_gcc,8,100,7,170.30,0,1.40000000000000000000
c_gcc,8,100,8,170.27,1052,1.40000000000000000000
c_gcc,8,100,9,170.16,1048,1.40000000000000000000
c_gcc,8,100,10,169.92,1084,1.40000000000000000000
c_gcc,16,100,1,115.71,1080,.75000000000000000000
c_gcc,16,100,2,114.90,1044,.75000000000000000000
c_gcc,16,100,3,114.88,1080,.75000000000000000000
c_gcc,16,100,4,114.90,1080,.75000000000000000000
c_gcc,16,100,5,114.87,1028,.75000000000000000000
c_gcc,16,100,6,115.02,1032,.75000000000000000000
c_gcc,16,100,7,114.60,1052,.75000000000000000000
c_gcc,16,100,8,114.56,1028,.75000000000000000000
c_gcc,16,100,9,114.92,1028,.75000000000000000000
c_gcc,16,100,10,114.81,1060,.75000000000000000000
c_gcc,32,100,1,85.92,1052,.43000000000000000000
c_gcc,32,100,2,85.00,0,.43000000000000000000
c_gcc,32,100,3,85.08,0,.43000000000000000000
c_gcc,32,100,4,85.51,1060,.43000000000000000000
c_gcc,32,100,5,85.63,1056,.43000000000000000000
c_gcc,32,100,6,85.02,1032,.43000000000000000000
c_gcc,32,100,7,85.42,0,.43000000000000000000
c_gcc,32,100,8,85.70,1084,.43000000000000000000
c_gcc,32,100,9,84.97,1032,.43000000000000000000
c_gcc,32,100,10,84.87,1048,.43000000000000000000
c_gcc,64,100,1,62.23,1052,.23000000000000000000
c_gcc,64,100,2,61.40,1032,.22000000000000000000
c_gcc,64,100,3,61.43,1060,.22000000000000000000
c_gcc,64,100,4,61.48,1060,.23000000000000000000
c_gcc,64,100,5,61.29,1028,.24000000000000000000
c_gcc,64,100,6,61.30,0,.23000000000000000000
c_gcc,64,100,7,61.18,1032,.23000000000000000000
c_gcc,64,100,8,61.60,1028,.22000000000000000000
c_gcc,64,100,9,61.46,1052,.24000000000000000000
c_gcc,64,100,10,61.31,1036,.23000000000000000000
c_gcc,2,1000,1,5033.62,1056,47.64000000000000000000
c_gcc,2,1000,2,5037.92,1080,47.57000000000000000000
c_gcc,2,1000,3,5043.18,1052,47.49000000000000000000
c_gcc,2,1000,4,5029.44,0,47.62000000000000000000
c_gcc,2,1000,5,5031.94,1048,47.55000000000000000000
c_gcc,2,1000,6,5041.81,1052,47.51000000000000000000
c_gcc,2,1000,7,5041.98,1060,47.97000000000000000000
c_gcc,2,1000,8,5072.30,1032,47.71000000000000000000
c_gcc,2,1000,9,5033.58,1080,47.65000000000000000000
c_gcc,2,1000,10,5034.20,1056,47.54000000000000000000
c_gcc,4,1000,1,2939.18,1052,23.82000000000000000000
c_gcc,4,1000,2,2927.84,1028,23.84000000000000000000
c_gcc,4,1000,3,2933.10,1056,23.76000000000000000000
c_gcc,4,1000,4,2936.53,1048,23.83000000000000000000
c_gcc,4,1000,5,2928.14,1052,23.75000000000000000000
c_gcc,4,1000,6,2931.28,1028,23.83000000000000000000
c_gcc,4,1000,7,2936.40,1052,23.75000000000000000000
c_gcc,4,1000,8,2936.60,1060,23.83000000000000000000
c_gcc,4,1000,9,2934.68,1048,23.82000000000000000000
c_gcc,4,1000,10,2930.20,1048,23.82000000000000000000
c_gcc,8,1000,1,1686.26,1032,13.60000000000000000000
c_gcc,8,1000,2,1678.15,1040,13.59000000000000000000
c_gcc,8,1000,3,1681.39,1044,13.59000000000000000000
c_gcc,8,1000,4,1680.07,1052,13.56000000000000000000
c_gcc,8,1000,5,1680.82,1052,13.56000000000000000000
c_gcc,8,1000,6,1676.24,1052,13.57000000000000000000
c_gcc,8,1000,7,1680.15,1060,13.58000000000000000000
c_gcc,8,1000,8,1679.60,1060,13.54000000000000000000
c_gcc,8,1000,9,1678.71,1076,13.56000000000000000000
c_gcc,8,1000,10,1677.23,1060,13.52000000000000000000
c_gcc,16,1000,1,1101.41,1048,6.80000000000000000000
c_gcc,16,1000,2,1099.03,1060,6.80000000000000000000
c_gcc,16,1000,3,1101.59,1052,6.80000000000000000000
c_gcc,16,1000,4,1100.87,1032,6.80000000000000000000
c_gcc,16,1000,5,1101.37,1052,6.80000000000000000000
c_gcc,16,1000,6,1101.42,1052,6.80000000000000000000
c_gcc,16,1000,7,1103.16,1040,6.80000000000000000000
c_gcc,16,1000,8,1101.32,0,6.80000000000000000000
c_gcc,16,1000,9,1107.24,1060,6.80000000000000000000
c_gcc,16,1000,10,1103.95,1076,6.80000000000000000000
c_gcc,32,1000,1,792.58,1052,3.45000000000000000000
c_gcc,32,1000,2,790.30,1060,3.45000000000000000000
c_gcc,32,1000,3,798.25,1032,3.45000000000000000000
c_gcc,32,1000,4,793.50,1036,3.45000000000000000000
c_gcc,32,1000,5,792.60,1052,3.45000000000000000000
c_gcc,32,1000,6,797.73,1036,3.45000000000000000000
c_gcc,32,1000,7,798.17,1080,3.45000000000000000000
c_gcc,32,1000,8,800.01,1052,3.45000000000000000000
c_gcc,32,1000,9,799.47,1036,3.45000000000000000000
c_gcc,32,1000,10,798.30,0,3.45000000000000000000
c_gcc,64,1000,1,549.89,0,1.93000000000000000000
c_gcc,64,1000,2,547.89,1056,1.92000000000000000000
c_gcc,64,1000,3,547.67,1052,1.93000000000000000000
c_gcc,64,1000,4,546.62,0,1.96000000000000000000
c_gcc,64,1000,5,546.83,1028,1.93000000000000000000
c_gcc,64,1000,6,546.29,1052,1.94000000000000000000
c_gcc,64,1000,7,548.28,1080,1.92000000000000000000
c_gcc,64,1000,8,547.31,1052,1.94000000000000000000
c_gcc,64,1000,9,547.93,1056,1.92000000000000000000
c_gcc,64,1000,10,548.24,0,1.93000000000000000000
c_gcc,2,10000,1,50697.46,1032,476.54000000000000000000
c_gcc,2,10000,2,50547.30,1048,476.96000000000000000000
c_gcc,2,10000,3,50531.60,1080,476.41000000000000000000
c_gcc,2,10000,4,50507.78,1056,476.10000000000000000000
c_gcc,2,10000,5,50507.96,1052,477.37000000000000000000
c_gcc,2,10000,6,50469.96,1048,477.51000000000000000000
c_gcc,2,10000,7,50487.22,1048,476.18000000000000000000
c_gcc,2,10000,8,50514.97,1036,476.42000000000000000000
c_gcc,2,10000,9,50436.94,1052,476.63000000000000000000
c_gcc,2,10000,10,50569.97,1060,477.15000000000000000000
c_gcc,4,10000,1,29469.38,1036,239.27000000000000000000
c_gcc,4,10000,2,29496.49,1060,238.83000000000000000000
c_gcc,4,10000,3,29495.68,1056,238.38000000000000000000
c_gcc,4,10000,4,29490.11,1060,238.26000000000000000000
c_gcc,4,10000,5,29483.89,1048,238.44000000000000000000
c_gcc,4,10000,6,29467.05,1040,238.34000000000000000000
c_gcc,4,10000,7,29426.84,1048,238.30000000000000000000
c_gcc,4,10000,8,29461.25,1028,238.15000000000000000000
c_gcc,4,10000,9,29420.94,1048,237.95000000000000000000
c_gcc,4,10000,10,29481.64,1052,238.07000000000000000000
c_gcc,8,10000,1,16860.83,1036,135.75000000000000000000
c_gcc,8,10000,2,16860.06,1048,135.64000000000000000000
c_gcc,8,10000,3,16829.05,1036,135.72000000000000000000
c_gcc,8,10000,4,16817.98,1080,135.53000000000000000000
c_gcc,8,10000,5,16776.44,1060,135.78000000000000000000
c_gcc,8,10000,6,16877.31,1048,135.93000000000000000000
c_gcc,8,10000,7,16845.35,1052,135.73000000000000000000
c_gcc,8,10000,8,16838.96,1048,135.54000000000000000000
c_gcc,8,10000,9,16702.11,1048,135.57000000000000000000
c_gcc,8,10000,10,16666.06,1036,135.26000000000000000000
c_gcc,16,10000,1,11008.50,1048,67.78000000000000000000
c_gcc,16,10000,2,11019.16,1036,67.68000000000000000000
c_gcc,16,10000,3,11016.91,1048,67.73000000000000000000
c_gcc,16,10000,4,11018.23,0,67.72000000000000000000
c_gcc,16,10000,5,10992.02,0,67.69000000000000000000
c_gcc,16,10000,6,11000.84,1056,67.76000000000000000000
c_gcc,16,10000,7,11023.21,1060,67.72000000000000000000
c_gcc,16,10000,8,11020.35,1028,67.66000000000000000000
c_gcc,16,10000,9,11005.81,1060,67.66000000000000000000
c_gcc,16,10000,10,10998.98,1060,67.73000000000000000000
c_gcc,32,10000,1,7883.91,1080,33.90000000000000000000
c_gcc,32,10000,2,7926.03,0,33.89000000000000000000
c_gcc,32,10000,3,7929.61,1052,33.90000000000000000000
c_gcc,32,10000,4,7964.37,1032,33.88000000000000000000
c_gcc,32,10000,5,7915.91,1036,33.90000000000000000000
c_gcc,32,10000,6,7941.45,1080,33.88000000000000000000
c_gcc,32,10000,7,7969.90,1036,33.91000000000000000000
c_gcc,32,10000,8,7977.74,1052,33.92000000000000000000
c_gcc,32,10000,9,7964.09,1048,33.97000000000000000000
c_gcc,32,10000,10,7986.95,1056,33.96000000000000000000
c_gcc,64,10000,1,5457.13,1048,19.12000000000000000000
c_gcc,64,10000,2,5458.74,1052,19.13000000000000000000
c_gcc,64,10000,3,5465.38,1048,19.15000000000000000000
c_gcc,64,10000,4,5467.77,0,19.17000000000000000000
c_gcc,64,10000,5,5464.73,1048,19.15000000000000000000
c_gcc,64,10000,6,5471.23,1052,19.18000000000000000000
c_gcc,64,10000,7,5471.95,1056,19.16000000000000000000
c_gcc,64,10000,8,5471.06,1028,19.17000000000000000000
c_gcc,64,10000,9,5469.46,1048,19.17000000000000000000
c_gcc,64,10000,10,5472.55,1052,19.18000000000000000000
zig,2,100,1,26.97,0,.21000000000000000000
zig,2,100,2,22.44,0,.21000000000000000000
zig,2,100,3,22.22,0,.21000000000000000000
zig,2,100,4,21.93,0,.21000000000000000000
zig,2,100,5,21.90,0,.21000000000000000000
zig,2,100,6,22.08,0,.21000000000000000000
zig,2,100,7,21.89,0,.21000000000000000000
zig,2,100,8,21.69,2080,.21000000000000000000
zig,2,100,9,21.88,0,.21000000000000000000
zig,2,100,10,21.83,0,.22000000000000000000
zig,4,100,1,24.77,0,.22000000000000000000
zig,4,100,2,24.65,0,.22000000000000000000
zig,4,100,3,24.65,0,.22000000000000000000
zig,4,100,4,24.58,0,.22000000000000000000
zig,4,100,5,24.70,0,.22000000000000000000
zig,4,100,6,24.60,0,.22000000000000000000
zig,4,100,7,24.54,0,.22000000000000000000
zig,4,100,8,24.67,0,.22000000000000000000
zig,4,100,9,24.60,0,.22000000000000000000
zig,4,100,10,24.53,0,.22000000000000000000
zig,8,100,1,28.49,0,.23000000000000000000
zig,8,100,2,28.38,0,.24000000000000000000
zig,8,100,3,28.50,0,.23000000000000000000
zig,8,100,4,28.47,0,.24000000000000000000
zig,8,100,5,28.55,0,.24000000000000000000
zig,8,100,6,28.40,0,.24000000000000000000
zig,8,100,7,28.57,0,.23000000000000000000
zig,8,100,8,28.65,0,.23000000000000000000
zig,8,100,9,28.46,0,.24000000000000000000
zig,8,100,10,28.52,0,.24000000000000000000
zig,16,100,1,36.80,0,.24000000000000000000
zig,16,100,2,36.49,0,.24000000000000000000
zig,16,100,3,37.67,0,.24000000000000000000
zig,16,100,4,37.79,0,.23000000000000000000
zig,16,100,5,36.58,0,.23000000000000000000
zig,16,100,6,36.37,2084,.24000000000000000000
zig,16,100,7,36.40,0,.24000000000000000000
zig,16,100,8,36.88,0,.24000000000000000000
zig,16,100,9,36.85,0,.23000000000000000000
zig,16,100,10,37.33,0,.24000000000000000000
zig,32,100,1,51.23,0,.23000000000000000000
zig,32,100,2,51.06,0,.23000000000000000000
zig,32,100,3,50.97,0,.24000000000000000000
zig,32,100,4,51.27,0,.24000000000000000000
zig,32,100,5,50.85,0,.24000000000000000000
zig,32,100,6,50.97,0,.24000000000000000000
zig,32,100,7,51.25,0,.23000000000000000000
zig,32,100,8,50.94,2084,.24000000000000000000
zig,32,100,9,51.04,0,.24000000000000000000
zig,32,100,10,51.62,0,.24000000000000000000
zig,64,100,1,73.67,0,.25000000000000000000
zig,64,100,2,73.77,0,.25000000000000000000
zig,64,100,3,73.96,0,.25000000000000000000
zig,64,100,4,74.11,0,.25000000000000000000
zig,64,100,5,74.00,0,.25000000000000000000
zig,64,100,6,73.62,2344,.32000000000000000000
zig,64,100,7,73.65,0,.25000000000000000000
zig,64,100,8,73.64,0,.25000000000000000000
zig,64,100,9,73.63,2132,.25000000000000000000
zig,64,100,10,73.77,2216,.33000000000000000000
zig,2,1000,1,25.18,0,.21000000000000000000
zig,2,1000,2,22.00,0,.21000000000000000000
zig,2,1000,3,22.15,0,.21000000000000000000
zig,2,1000,4,21.91,0,.21000000000000000000
zig,2,1000,5,21.59,0,.21000000000000000000
zig,2,1000,6,21.79,0,.21000000000000000000
zig,2,1000,7,21.94,0,.21000000000000000000
zig,2,1000,8,22.01,0,.22000000000000000000
zig,2,1000,9,21.65,0,.21000000000000000000
zig,2,1000,10,21.92,0,.21000000000000000000
zig,4,1000,1,24.86,0,.22000000000000000000
zig,4,1000,2,24.62,0,.22000000000000000000
zig,4,1000,3,24.69,0,.22000000000000000000
zig,4,1000,4,24.57,0,.23000000000000000000
zig,4,1000,5,24.63,0,.22000000000000000000
zig,4,1000,6,24.57,0,.22000000000000000000
zig,4,1000,7,24.51,0,.21000000000000000000
zig,4,1000,8,24.62,0,.22000000000000000000
zig,4,1000,9,24.61,0,.22000000000000000000
zig,4,1000,10,24.62,0,.22000000000000000000
zig,8,1000,1,28.84,2080,.23000000000000000000
zig,8,1000,2,28.53,0,.24000000000000000000
zig,8,1000,3,28.99,0,.24000000000000000000
zig,8,1000,4,28.40,0,.23000000000000000000
zig,8,1000,5,28.39,0,.23000000000000000000
zig,8,1000,6,28.72,0,.24000000000000000000
zig,8,1000,7,28.49,0,.24000000000000000000
zig,8,1000,8,28.69,0,.23000000000000000000
zig,8,1000,9,28.47,0,.23000000000000000000
zig,8,1000,10,28.60,0,.23000000000000000000
zig,16,1000,1,37.07,0,.24000000000000000000
zig,16,1000,2,36.37,0,.24000000000000000000
zig,16,1000,3,38.27,0,.24000000000000000000
zig,16,1000,4,36.00,0,.23000000000000000000
zig,16,1000,5,36.36,0,.23000000000000000000
zig,16,1000,6,36.42,0,.23000000000000000000
zig,16,1000,7,37.52,0,.23000000000000000000
zig,16,1000,8,36.50,0,.24000000000000000000
zig,16,1000,9,36.94,0,.23000000000000000000
zig,16,1000,10,36.08,0,.23000000000000000000
zig,32,1000,1,51.13,0,.24000000000000000000
zig,32,1000,2,51.12,0,.24000000000000000000
zig,32,1000,3,50.86,0,.24000000000000000000
zig,32,1000,4,50.55,0,.24000000000000000000
zig,32,1000,5,53.64,0,.24000000000000000000
zig,32,1000,6,51.49,0,.24000000000000000000
zig,32,1000,7,51.57,2084,.23000000000000000000
zig,32,1000,8,51.37,0,.24000000000000000000
zig,32,1000,9,50.89,0,.24000000000000000000
zig,32,1000,10,51.02,0,.23000000000000000000
zig,64,1000,1,73.54,0,.25000000000000000000
zig,64,1000,2,73.74,0,.25000000000000000000
zig,64,1000,3,73.38,0,.25000000000000000000
zig,64,1000,4,73.72,0,.25000000000000000000
zig,64,1000,5,73.59,2160,.25000000000000000000
zig,64,1000,6,82.83,0,.25000000000000000000
zig,64,1000,7,73.39,0,.25000000000000000000
zig,64,1000,8,73.69,2072,.27000000000000000000
zig,64,1000,9,78.25,2088,.26000000000000000000
zig,64,1000,10,73.92,0,.25000000000000000000
zig,2,10000,1,26.77,0,.21000000000000000000
zig,2,10000,2,21.94,0,.22000000000000000000
zig,2,10000,3,21.99,0,.21000000000000000000
zig,2,10000,4,22.00,0,.21000000000000000000
zig,2,10000,5,21.90,0,.22000000000000000000
zig,2,10000,6,21.91,0,.21000000000000000000
zig,2,10000,7,21.86,0,.21000000000000000000
zig,2,10000,8,21.70,0,.21000000000000000000
zig,2,10000,9,21.80,0,.21000000000000000000
zig,2,10000,10,21.75,0,.21000000000000000000
zig,4,10000,1,24.76,0,.21000000000000000000
zig,4,10000,2,24.96,0,.23000000000000000000
zig,4,10000,3,24.60,0,.21000000000000000000
zig,4,10000,4,24.65,0,.21000000000000000000
zig,4,10000,5,24.53,0,.21000000000000000000
zig,4,10000,6,24.91,2056,.22000000000000000000
zig,4,10000,7,24.59,0,.22000000000000000000
zig,4,10000,8,24.94,0,.23000000000000000000
zig,4,10000,9,24.51,0,.22000000000000000000
zig,4,10000,10,25.48,0,.21000000000000000000
zig,8,10000,1,28.72,0,.23000000000000000000
zig,8,10000,2,28.62,0,.23000000000000000000
zig,8,10000,3,28.56,0,.24000000000000000000
zig,8,10000,4,28.48,2084,.24000000000000000000
zig,8,10000,5,28.50,0,.23000000000000000000
zig,8,10000,6,28.51,0,.23000000000000000000
zig,8,10000,7,28.49,0,.24000000000000000000
zig,8,10000,8,28.61,0,.24000000000000000000
zig,8,10000,9,28.43,0,.24000000000000000000
zig,8,10000,10,28.47,0,.23000000000000000000
zig,16,10000,1,37.42,0,.24000000000000000000
zig,16,10000,2,36.50,0,.24000000000000000000
zig,16,10000,3,36.98,0,.24000000000000000000
zig,16,10000,4,36.51,0,.24000000000000000000
zig,16,10000,5,40.18,0,.24000000000000000000
zig,16,10000,6,36.40,0,.24000000000000000000
zig,16,10000,7,36.54,0,.24000000000000000000
zig,16,10000,8,37.29,0,.24000000000000000000
zig,16,10000,9,36.40,0,.23000000000000000000
zig,16,10000,10,36.13,0,.23000000000000000000
zig,32,10000,1,51.64,0,.24000000000000000000
zig,32,10000,2,51.40,0,.24000000000000000000
zig,32,10000,3,52.05,0,.24000000000000000000
zig,32,10000,4,51.46,0,.24000000000000000000
zig,32,10000,5,50.97,0,.24000000000000000000
zig,32,10000,6,51.31,0,.24000000000000000000
zig,32,10000,7,51.35,0,.24000000000000000000
zig,32,10000,8,51.64,0,.24000000000000000000
zig,32,10000,9,50.90,0,.24000000000000000000
zig,32,10000,10,51.38,0,.24000000000000000000
zig,64,10000,1,73.70,0,.25000000000000000000
zig,64,10000,2,73.24,2476,.25000000000000000000
zig,64,10000,3,73.56,0,.25000000000000000000
zig,64,10000,4,73.76,2084,.25000000000000000000
zig,64,10000,5,73.11,0,.25000000000000000000
zig,64,10000,6,73.77,2220,.25000000000000000000
zig,64,10000,7,73.89,0,.34000000000000000000
zig,64,10000,8,73.82,2300,.25000000000000000000
zig,64,10000,9,79.10,0,.25000000000000000000
zig,64,10000,10,82.83,0,.25000000000000000000
rust,2,100,1,28.21,1040,.23000000000000000000
rust,2,100,2,23.60,1052,.23000000000000000000
rust,2,100,3,23.28,1028,.23000000000000000000
rust,2,100,4,23.11,1080,.23000000000000000000
rust,2,100,5,23.25,1048,.23000000000000000000
rust,2,100,6,23.39,1064,.23000000000000000000
rust,2,100,7,23.14,0,.23000000000000000000
rust,2,100,8,23.16,1052,.23000000000000000000
rust,2,100,9,23.51,1024,.23000000000000000000
rust,2,100,10,23.34,1028,.23000000000000000000
rust,4,100,1,26.37,1060,.23000000000000000000
rust,4,100,2,26.18,1036,.24000000000000000000
rust,4,100,3,26.21,1060,.23000000000000000000
rust,4,100,4,25.98,1060,.23000000000000000000
rust,4,100,5,26.05,0,.24000000000000000000
rust,4,100,6,26.36,1052,.23000000000000000000
rust,4,100,7,26.21,1048,.23000000000000000000
rust,4,100,8,26.20,1076,.23000000000000000000
rust,4,100,9,26.20,1084,.23000000000000000000
rust,4,100,10,26.13,1048,.23000000000000000000
rust,8,100,1,30.40,1048,.25000000000000000000
rust,8,100,2,30.42,1052,.25000000000000000000
rust,8,100,3,30.06,1052,.25000000000000000000
rust,8,100,4,30.26,1036,.25000000000000000000
rust,8,100,5,30.34,1044,.25000000000000000000
rust,8,100,6,30.26,1028,.25000000000000000000
rust,8,100,7,30.37,1052,.25000000000000000000
rust,8,100,8,30.53,1052,.25000000000000000000
rust,8,100,9,30.24,1028,.25000000000000000000
rust,8,100,10,30.41,1080,.25000000000000000000
rust,16,100,1,38.76,1040,.25000000000000000000
rust,16,100,2,38.81,1080,.25000000000000000000
rust,16,100,3,39.08,1080,.25000000000000000000
rust,16,100,4,38.17,1072,.25000000000000000000
rust,16,100,5,38.32,1084,.26000000000000000000
rust,16,100,6,38.52,2088,.25000000000000000000
rust,16,100,7,38.52,0,.25000000000000000000
rust,16,100,8,39.11,1044,.25000000000000000000
rust,16,100,9,38.43,1080,.25000000000000000000
rust,16,100,10,38.71,1068,.26000000000000000000
rust,32,100,1,54.16,1028,.25000000000000000000
rust,32,100,2,54.56,1028,.25000000000000000000
rust,32,100,3,53.48,1072,.25000000000000000000
rust,32,100,4,55.30,1072,.25000000000000000000
rust,32,100,5,53.74,1052,.25000000000000000000
rust,32,100,6,54.08,1052,.25000000000000000000
rust,32,100,7,59.92,1036,.25000000000000000000
rust,32,100,8,54.42,1080,.25000000000000000000
rust,32,100,9,54.15,1060,.25000000000000000000
rust,32,100,10,53.83,1060,.26000000000000000000
rust,64,100,1,88.13,1068,.27000000000000000000
rust,64,100,2,87.67,1036,.27000000000000000000
rust,64,100,3,82.34,1080,.32000000000000000000
rust,64,100,4,87.91,1028,.27000000000000000000
rust,64,100,5,81.23,1028,.27000000000000000000
rust,64,100,6,82.56,1072,.27000000000000000000
rust,64,100,7,78.60,1072,.28000000000000000000
rust,64,100,8,78.13,1024,.27000000000000000000
rust,64,100,9,77.91,1072,.28000000000000000000
rust,64,100,10,81.25,1036,.27000000000000000000
rust,2,1000,1,28.48,1044,.23000000000000000000
rust,2,1000,2,23.78,1044,.23000000000000000000
rust,2,1000,3,24.25,1080,.23000000000000000000
rust,2,1000,4,23.62,1080,.23000000000000000000
rust,2,1000,5,23.35,1064,.23000000000000000000
rust,2,1000,6,23.06,1028,.22000000000000000000
rust,2,1000,7,23.30,1064,.23000000000000000000
rust,2,1000,8,23.31,1056,.23000000000000000000
rust,2,1000,9,23.29,1072,.23000000000000000000
rust,2,1000,10,23.15,1024,.23000000000000000000
rust,4,1000,1,26.31,1072,.23000000000000000000
rust,4,1000,2,25.98,1056,.23000000000000000000
rust,4,1000,3,26.38,1072,.23000000000000000000
rust,4,1000,4,26.12,1044,.23000000000000000000
rust,4,1000,5,26.22,1072,.23000000000000000000
rust,4,1000,6,26.19,1056,.23000000000000000000
rust,4,1000,7,26.32,1080,.23000000000000000000
rust,4,1000,8,26.18,1048,.24000000000000000000
rust,4,1000,9,26.10,1056,.23000000000000000000
rust,4,1000,10,26.23,1052,.23000000000000000000
rust,8,1000,1,30.32,1024,.25000000000000000000
rust,8,1000,2,29.96,0,.25000000000000000000
rust,8,1000,3,30.22,1072,.25000000000000000000
rust,8,1000,4,30.16,1036,.25000000000000000000
rust,8,1000,5,30.27,1048,.25000000000000000000
rust,8,1000,6,30.27,1068,.25000000000000000000
rust,8,1000,7,30.23,1068,.25000000000000000000
rust,8,1000,8,30.28,1044,.25000000000000000000
rust,8,1000,9,30.20,1080,.26000000000000000000
rust,8,1000,10,30.41,0,.25000000000000000000
rust,16,1000,1,38.49,1072,.25000000000000000000
rust,16,1000,2,38.48,1072,.25000000000000000000
rust,16,1000,3,38.57,1044,.25000000000000000000
rust,16,1000,4,38.18,1068,.25000000000000000000
rust,16,1000,5,38.56,1084,.28000000000000000000
rust,16,1000,6,38.21,1052,.25000000000000000000
rust,16,1000,7,38.62,1036,.25000000000000000000
rust,16,1000,8,38.79,1052,.25000000000000000000
rust,16,1000,9,38.50,1084,.25000000000000000000
rust,16,1000,10,38.36,1076,.26000000000000000000
rust,32,1000,1,53.68,1028,.26000000000000000000
rust,32,1000,2,54.62,1044,.25000000000000000000
rust,32,1000,3,54.06,1028,.25000000000000000000
rust,32,1000,4,54.11,1032,.26000000000000000000
rust,32,1000,5,54.01,1048,.26000000000000000000
rust,32,1000,6,53.89,1040,.26000000000000000000
rust,32,1000,7,53.53,1028,.25000000000000000000
rust,32,1000,8,53.47,1068,.25000000000000000000
rust,32,1000,9,53.88,1048,.26000000000000000000
rust,32,1000,10,53.40,1040,.25000000000000000000
rust,64,1000,1,82.86,1064,.27000000000000000000
rust,64,1000,2,78.62,1072,.27000000000000000000
rust,64,1000,3,77.97,1072,.27000000000000000000
rust,64,1000,4,88.07,1068,.28000000000000000000
rust,64,1000,5,79.91,1064,.27000000000000000000
rust,64,1000,6,78.30,1060,.28000000000000000000
rust,64,1000,7,78.14,1072,.29000000000000000000
rust,64,1000,8,78.69,1040,.31000000000000000000
rust,64,1000,9,77.75,1024,.27000000000000000000
rust,64,1000,10,77.69,1044,.27000000000000000000
rust,2,10000,1,28.47,1036,.23000000000000000000
rust,2,10000,2,23.84,1064,.23000000000000000000
rust,2,10000,3,23.29,1024,.23000000000000000000
rust,2,10000,4,23.37,1028,.23000000000000000000
rust,2,10000,5,23.28,1064,.23000000000000000000
rust,2,10000,6,23.29,1032,.23000000000000000000
rust,2,10000,7,23.26,1052,.23000000000000000000
rust,2,10000,8,23.40,1064,.23000000000000000000
rust,2,10000,9,23.14,1072,.23000000000000000000
rust,2,10000,10,23.37,1080,.23000000000000000000
rust,4,10000,1,26.30,1056,.23000000000000000000
rust,4,10000,2,26.17,1048,.24000000000000000000
rust,4,10000,3,25.97,1068,.23000000000000000000
rust,4,10000,4,26.31,1044,.24000000000000000000
rust,4,10000,5,25.86,1084,.23000000000000000000
rust,4,10000,6,26.24,0,.23000000000000000000
rust,4,10000,7,26.14,1036,.24000000000000000000
rust,4,10000,8,25.96,1044,.23000000000000000000
rust,4,10000,9,26.52,1056,.23000000000000000000
rust,4,10000,10,26.31,1028,.24000000000000000000
rust,8,10000,1,30.38,1060,.25000000000000000000
rust,8,10000,2,30.21,1072,.25000000000000000000
rust,8,10000,3,30.32,1028,.25000000000000000000
rust,8,10000,4,30.48,1072,.25000000000000000000
rust,8,10000,5,30.11,1044,.25000000000000000000
rust,8,10000,6,30.41,1028,.25000000000000000000
rust,8,10000,7,30.24,1068,.25000000000000000000
rust,8,10000,8,30.26,1028,.25000000000000000000
rust,8,10000,9,30.70,1048,.25000000000000000000
rust,8,10000,10,30.20,1028,.25000000000000000000
rust,16,10000,1,38.76,1048,.25000000000000000000
rust,16,10000,2,38.43,1024,.25000000000000000000
rust,16,10000,3,38.46,1032,.25000000000000000000
rust,16,10000,4,38.40,1072,.25000000000000000000
rust,16,10000,5,38.44,1048,.25000000000000000000
rust,16,10000,6,38.75,1036,.25000000000000000000
rust,16,10000,7,38.40,1052,.26000000000000000000
rust,16,10000,8,38.33,1064,.25000000000000000000
rust,16,10000,9,38.36,1068,.25000000000000000000
rust,16,10000,10,38.57,1072,.25000000000000000000
rust,32,10000,1,54.01,1040,.26000000000000000000
rust,32,10000,2,54.05,1024,.25000000000000000000
rust,32,10000,3,54.21,1048,.25000000000000000000
rust,32,10000,4,54.63,0,.26000000000000000000
rust,32,10000,5,54.18,1084,.26000000000000000000
rust,32,10000,6,54.34,1028,.26000000000000000000
rust,32,10000,7,53.96,1052,.25000000000000000000
rust,32,10000,8,56.43,1072,.25000000000000000000
rust,32,10000,9,53.39,1032,.26000000000000000000
rust,32,10000,10,53.90,1052,.26000000000000000000
rust,64,10000,1,79.01,1064,.27000000000000000000
rust,64,10000,2,78.03,1068,.27000000000000000000
rust,64,10000,3,83.34,1072,.27000000000000000000
rust,64,10000,4,86.68,1076,.28000000000000000000
rust,64,10000,5,79.26,1084,.27000000000000000000
rust,64,10000,6,78.19,1024,.27000000000000000000
rust,64,10000,7,77.88,0,.27000000000000000000
rust,64,10000,8,77.77,1040,.27000000000000000000
rust,64,10000,9,81.84,1036,.27000000000000000000
rust,64,10000,10,78.13,1068,.27000000000000000000
c_gcc,2,100,1,762.05,1052,6.95000000000000000000
c_gcc,2,100,2,753.73,0,6.95000000000000000000
c_gcc,2,100,3,754.68,1056,7.22000000000000000000
c_gcc,2,100,4,803.48,1048,7.28000000000000000000
c_gcc,2,100,5,770.59,1080,7.08000000000000000000
c_gcc,2,100,6,775.55,1048,7.05000000000000000000
c_gcc,2,100,7,805.56,1048,7.18000000000000000000
c_gcc,2,100,8,776.75,1048,7.06000000000000000000
c_gcc,2,100,9,774.20,1068,7.02000000000000000000
c_gcc,2,100,10,775.35,1040,7.04000000000000000000
c_gcc,4,100,1,449.71,1028,3.58000000000000000000
c_gcc,4,100,2,447.20,1028,3.62000000000000000000
c_gcc,4,100,3,448.84,1052,3.63000000000000000000
c_gcc,4,100,4,446.85,1056,3.62000000000000000000
c_gcc,4,100,5,453.32,1028,3.61000000000000000000
c_gcc,4,100,6,450.20,1048,3.58000000000000000000
c_gcc,4,100,7,449.77,1056,3.66000000000000000000
c_gcc,4,100,8,450.14,1032,3.60000000000000000000
c_gcc,4,100,9,448.68,1056,3.62000000000000000000
c_gcc,4,100,10,450.35,1052,3.59000000000000000000
c_gcc,8,100,1,267.56,1036,2.06000000000000000000
c_gcc,8,100,2,265.89,1052,2.05000000000000000000
c_gcc,8,100,3,266.20,1068,2.05000000000000000000
c_gcc,8,100,4,267.13,1080,2.05000000000000000000
c_gcc,8,100,5,266.30,1052,2.05000000000000000000
c_gcc,8,100,6,265.52,1076,2.05000000000000000000
c_gcc,8,100,7,266.10,1036,2.05000000000000000000
c_gcc,8,100,8,265.66,1048,2.05000000000000000000
c_gcc,8,100,9,265.91,1028,2.05000000000000000000
c_gcc,8,100,10,265.82,1044,2.05000000000000000000
c_gcc,16,100,1,184.47,1036,1.10000000000000000000
c_gcc,16,100,2,182.96,1048,1.10000000000000000000
c_gcc,16,100,3,183.25,1048,1.10000000000000000000
c_gcc,16,100,4,183.25,1052,1.10000000000000000000
c_gcc,16,100,5,183.41,1052,1.10000000000000000000
c_gcc,16,100,6,183.32,1052,1.10000000000000000000
c_gcc,16,100,7,183.29,1060,1.10000000000000000000
c_gcc,16,100,8,183.23,1028,1.10000000000000000000
c_gcc,16,100,9,183.09,1060,1.10000000000000000000
c_gcc,16,100,10,183.10,1080,1.10000000000000000000
c_gcc,32,100,1,139.22,1048,.63000000000000000000
c_gcc,32,100,2,137.71,1052,.63000000000000000000
c_gcc,32,100,3,138.82,0,.63000000000000000000
c_gcc,32,100,4,137.74,0,.63000000000000000000
c_gcc,32,100,5,137.63,1052,.63000000000000000000
c_gcc,32,100,6,138.30,1052,.63000000000000000000
c_gcc,32,100,7,137.94,1036,.63000000000000000000
c_gcc,32,100,8,137.90,0,.63000000000000000000
c_gcc,32,100,9,137.80,1032,.63000000000000000000
c_gcc,32,100,10,138.73,1028,.63000000000000000000
c_gcc,64,100,1,98.16,1036,.34000000000000000000
c_gcc,64,100,2,97.81,1052,.35000000000000000000
c_gcc,64,100,3,97.27,1028,.34000000000000000000
c_gcc,64,100,4,96.78,0,.34000000000000000000
c_gcc,64,100,5,96.90,1080,.34000000000000000000
c_gcc,64,100,6,96.99,1036,.34000000000000000000
c_gcc,64,100,7,97.06,1048,.34000000000000000000
c_gcc,64,100,8,97.49,1056,.34000000000000000000
c_gcc,64,100,9,97.03,1060,.34000000000000000000
c_gcc,64,100,10,98.40,1028,.34000000000000000000
c_gcc,2,1000,1,7733.07,1080,70.02000000000000000000
c_gcc,2,1000,2,7739.99,1052,70.06000000000000000000
c_gcc,2,1000,3,7794.12,1056,73.16000000000000000000
c_gcc,2,1000,4,10380.52,1080,73.02000000000000000000
c_gcc,2,1000,5,7784.43,1052,70.15000000000000000000
c_gcc,2,1000,6,7722.01,1056,70.20000000000000000000
c_gcc,2,1000,7,7746.24,1052,70.65000000000000000000
c_gcc,2,1000,8,7735.19,1052,70.13000000000000000000
c_gcc,2,1000,9,7725.16,1056,70.08000000000000000000
c_gcc,2,1000,10,7729.85,1048,70.29000000000000000000
c_gcc,4,1000,1,4491.06,1080,36.52000000000000000000
c_gcc,4,1000,2,4497.53,1040,36.04000000000000000000
c_gcc,4,1000,3,4511.12,1052,35.94000000000000000000
c_gcc,4,1000,4,4521.52,0,35.81000000000000000000
c_gcc,4,1000,5,4509.92,0,35.61000000000000000000
c_gcc,4,1000,6,4513.54,1052,35.88000000000000000000
c_gcc,4,1000,7,4524.65,1028,35.67000000000000000000
c_gcc,4,1000,8,4511.57,1080,35.65000000000000000000
c_gcc,4,1000,9,4505.65,1048,35.92000000000000000000
c_gcc,4,1000,10,4525.07,1036,35.70000000000000000000
c_gcc,8,1000,1,2613.18,1028,19.88000000000000000000
c_gcc,8,1000,2,2609.81,1056,19.87000000000000000000
c_gcc,8,1000,3,2609.93,1052,19.87000000000000000000
c_gcc,8,1000,4,2613.71,1060,19.88000000000000000000
c_gcc,8,1000,5,2608.42,1028,19.87000000000000000000
c_gcc,8,1000,6,2604.33,1056,19.86000000000000000000
c_gcc,8,1000,7,2609.95,1036,19.88000000000000000000
c_gcc,8,1000,8,2610.31,0,19.88000000000000000000
c_gcc,8,1000,9,2609.67,1060,19.87000000000000000000
c_gcc,8,1000,10,2616.19,1052,19.83000000000000000000
c_gcc,16,1000,1,1746.07,1052,9.94000000000000000000
c_gcc,16,1000,2,1747.94,1080,9.94000000000000000000
c_gcc,16,1000,3,1749.60,1076,9.95000000000000000000
c_gcc,16,1000,4,1750.50,1080,9.95000000000000000000
c_gcc,16,1000,5,1751.51,1052,9.95000000000000000000
c_gcc,16,1000,6,1752.15,1036,9.94000000000000000000
c_gcc,16,1000,7,1749.64,1028,9.94000000000000000000
c_gcc,16,1000,8,1751.32,1052,9.94000000000000000000
c_gcc,16,1000,9,1752.15,1036,9.94000000000000000000
c_gcc,16,1000,10,1753.94,1036,9.94000000000000000000
c_gcc,32,1000,1,1282.89,1036,5.05000000000000000000
c_gcc,32,1000,2,1285.50,1032,5.05000000000000000000
c_gcc,32,1000,3,1288.13,0,5.05000000000000000000
c_gcc,32,1000,4,1295.21,0,5.05000000000000000000
c_gcc,32,1000,5,1293.78,1036,5.05000000000000000000
c_gcc,32,1000,6,1299.96,1052,5.05000000000000000000
c_gcc,32,1000,7,1295.98,1056,5.05000000000000000000
c_gcc,32,1000,8,1295.37,1052,5.05000000000000000000
c_gcc,32,1000,9,1301.20,0,5.05000000000000000000
c_gcc,32,1000,10,1296.79,1056,5.05000000000000000000
c_gcc,64,1000,1,844.10,0,2.96000000000000000000
c_gcc,64,1000,2,842.45,1048,2.95000000000000000000
c_gcc,64,1000,3,842.97,0,2.95000000000000000000
c_gcc,64,1000,4,841.18,0,2.95000000000000000000
c_gcc,64,1000,5,842.39,1052,2.95000000000000000000
c_gcc,64,1000,6,841.70,1072,2.96000000000000000000
c_gcc,64,1000,7,842.66,1028,2.95000000000000000000
c_gcc,64,1000,8,843.20,1080,2.95000000000000000000
c_gcc,64,1000,9,841.43,1036,2.95000000000000000000
c_gcc,64,1000,10,844.19,1052,2.95000000000000000000
c_gcc,2,10000,1,77541.20,1028,700.63000000000000000000
c_gcc,2,10000,2,77212.65,1040,700.35000000000000000000
c_gcc,2,10000,3,77239.49,1056,700.59000000000000000000
c_gcc,2,10000,4,77178.19,1036,700.48000000000000000000
c_gcc,2,10000,5,77234.16,1036,700.46000000000000000000
c_gcc,2,10000,6,77367.20,1052,702.95000000000000000000
c_gcc,2,10000,7,77323.65,1056,703.50000000000000000000
c_gcc,2,10000,8,77368.09,1048,700.78000000000000000000
c_gcc,2,10000,9,77310.86,1028,700.17000000000000000000
c_gcc,2,10000,10,77351.66,1060,700.39000000000000000000
c_gcc,4,10000,1,45175.23,1060,357.12000000000000000000
c_gcc,4,10000,2,45613.73,1048,347.49000000000000000000
c_gcc,4,10000,3,45292.22,1048,346.91000000000000000000
c_gcc,4,10000,4,45626.95,1052,346.96000000000000000000
c_gcc,4,10000,5,45607.41,1048,346.97000000000000000000
c_gcc,4,10000,6,45614.84,1048,346.92000000000000000000
c_gcc,4,10000,7,45582.58,1048,347.02000000000000000000
c_gcc,4,10000,8,45562.31,1028,346.95000000000000000000
c_gcc,4,10000,9,45556.56,1060,346.94000000000000000000
c_gcc,4,10000,10,45543.52,1032,346.92000000000000000000
c_gcc,8,10000,1,25876.88,1060,197.22000000000000000000
c_gcc,8,10000,2,25894.26,1052,197.28000000000000000000
c_gcc,8,10000,3,25915.92,1036,197.33000000000000000000
c_gcc,8,10000,4,25928.72,1052,197.23000000000000000000
c_gcc,8,10000,5,25920.89,1028,197.29000000000000000000
c_gcc,8,10000,6,25924.79,1028,197.31000000000000000000
c_gcc,8,10000,7,25928.54,1048,197.27000000000000000000
c_gcc,8,10000,8,25934.91,1028,197.30000000000000000000
c_gcc,8,10000,9,25928.86,1036,197.26000000000000000000
c_gcc,8,10000,10,25937.40,1068,197.33000000000000000000
c_gcc,16,10000,1,17452.05,1040,98.69000000000000000000
c_gcc,16,10000,2,17493.50,1052,98.69000000000000000000
c_gcc,16,10000,3,17507.16,1028,98.68000000000000000000
c_gcc,16,10000,4,17519.64,1052,98.64000000000000000000
c_gcc,16,10000,5,17512.97,0,98.65000000000000000000
c_gcc,16,10000,6,17523.82,1028,98.70000000000000000000
c_gcc,16,10000,7,17528.06,1052,98.70000000000000000000
c_gcc,16,10000,8,17525.24,1052,98.67000000000000000000
c_gcc,16,10000,9,17524.51,1080,98.66000000000000000000
c_gcc,16,10000,10,17534.92,1068,98.67000000000000000000
c_gcc,32,10000,1,12921.37,1052,49.52000000000000000000
c_gcc,32,10000,2,13010.62,1036,49.47000000000000000000
c_gcc,32,10000,3,13092.95,1052,49.50000000000000000000
c_gcc,32,10000,4,13095.08,1056,49.44000000000000000000
c_gcc,32,10000,5,13174.50,1028,49.41000000000000000000
c_gcc,32,10000,6,13230.18,1056,49.46000000000000000000
c_gcc,32,10000,7,13225.61,1028,49.44000000000000000000
c_gcc,32,10000,8,13184.44,1060,49.44000000000000000000
c_gcc,32,10000,9,13184.38,1060,49.49000000000000000000
c_gcc,32,10000,10,13184.74,1048,49.42000000000000000000
c_gcc,64,10000,1,8412.39,1052,29.47000000000000000000
c_gcc,64,10000,2,8405.90,1080,29.48000000000000000000
c_gcc,64,10000,3,8403.75,1052,29.48000000000000000000
c_gcc,64,10000,4,8416.45,1048,29.50000000000000000000
c_gcc,64,10000,5,8417.48,1052,29.49000000000000000000
c_gcc,64,10000,6,8419.32,1048,29.49000000000000000000
c_gcc,64,10000,7,8419.09,0,29.50000000000000000000
c_gcc,64,10000,8,8422.73,0,29.48000000000000000000
c_gcc,64,10000,9,8416.46,1052,29.50000000000000000000
c_gcc,64,10000,10,8421.80,1060,29.50000000000000000000
